,Major_Category,Total_Orders
0,Clothes,13.362570120911872
1,Garden,17.7573785382749
2,Household,17.675480633186204
3,Kitchen,26.53240558482718
